{
    "train_loss": [
        92.56121063232422,
        85.03878784179688,
        85.66926574707031,
        84.30188751220703,
        76.9852066040039,
        70.61079406738281,
        71.2396240234375,
        66.97345733642578,
        67.31594848632812,
        65.93782806396484,
        59.3387565612793,
        59.69905090332031
    ],
    "val_loss": [
        114.92747497558594,
        33.78278732299805,
        33.244327545166016,
        33.30565643310547,
        33.822322845458984,
        34.193843841552734,
        34.75754928588867,
        35.08052062988281,
        35.268287658691406,
        34.41373062133789,
        36.43292999267578,
        39.443294525146484
    ],
    "best_val_loss": 33.244327545166016,
    "training_time": 41.4856698513031,
    "epochs": [
        0,
        1,
        2,
        3,
        4,
        5,
        6,
        7,
        8,
        9,
        10,
        11
    ],
    "loss": [
        92.56121063232422,
        85.03878784179688,
        85.66926574707031,
        84.30188751220703,
        76.9852066040039,
        70.61079406738281,
        71.2396240234375,
        66.97345733642578,
        67.31594848632812,
        65.93782806396484,
        59.3387565612793,
        59.69905090332031
    ],
    "lr": [
        0.001,
        0.001,
        0.001,
        0.001,
        0.001,
        0.001,
        0.001,
        0.001,
        0.001,
        0.001,
        0.001,
        0.001
    ]
}