{
  "summary": {
    "layers_analyzed": [
      "head"
    ],
    "epochs_analyzed": [
      0,
      1
    ],
    "batch_analyzed": 0,
    "layer_results": {
      "head": {
        "layer_name": "head",
        "epochs_analyzed": [
          0,
          1
        ],
        "batch_analyzed": 0,
        "statistics": {
          "0": {
            "mean": 208.0913848876953,
            "std": 1.868419885635376,
            "min": 205.46475219726562,
            "max": 210.340576171875,
            "median": 209.06410217285156,
            "25th_percentile": 206.34551239013672,
            "75th_percentile": 209.53955841064453
          },
          "1": {
            "mean": 90.12135314941406,
            "std": 1.7173190116882324,
            "min": 87.07481384277344,
            "max": 92.42144775390625,
            "median": 90.68212127685547,
            "25th_percentile": 89.0162124633789,
            "75th_percentile": 91.3193130493164
          }
        },
        "distribution": {
          "0": {
            "skewness": 0.0,
            "kurtosis": 0.0,
            "histogram_data": {
              "counts": [
                1,
                1,
                0,
                0,
                0,
                0,
                0,
                0,
                0,
                0,
                0,
                0,
                0,
                0,
                0,
                0,
                1,
                0,
                0,
                0,
                0,
                0,
                0,
                0,
                0,
                0,
                0,
                0,
                0,
                0,
                0,
                0,
                0,
                0,
                0,
                0,
                1,
                0,
                1,
                0,
                0,
                0,
                0,
                0,
                0,
                1,
                0,
                0,
                0,
                1
              ],
              "bin_edges": [
                205.46475219726562,
                205.56227111816406,
                205.6597900390625,
                205.75730895996094,
                205.8548126220703,
                205.95233154296875,
                206.0498504638672,
                206.14736938476562,
                206.24488830566406,
                206.3424072265625,
                206.43991088867188,
                206.5374298095703,
                206.63494873046875,
                206.7324676513672,
                206.82998657226562,
                206.92750549316406,
                207.02500915527344,
                207.12252807617188,
                207.2200469970703,
                207.31756591796875,
                207.4150848388672,
                207.51260375976562,
                207.610107421875,
                207.70762634277344,
                207.80514526367188,
                207.9026641845703,
                208.00018310546875,
                208.0977020263672,
                208.19522094726562,
                208.292724609375,
                208.39024353027344,
                208.48776245117188,
                208.5852813720703,
                208.68280029296875,
                208.7803192138672,
                208.87782287597656,
                208.975341796875,
                209.07286071777344,
                209.17037963867188,
                209.2678985595703,
                209.36541748046875,
                209.46292114257812,
                209.56044006347656,
                209.657958984375,
                209.75547790527344,
                209.85299682617188,
                209.9505157470703,
                210.0480194091797,
                210.14553833007812,
                210.24305725097656,
                210.340576171875
              ]
            }
          },
          "1": {
            "skewness": 0.0,
            "kurtosis": 0.0,
            "histogram_data": {
              "counts": [
                1,
                0,
                0,
                0,
                0,
                0,
                0,
                0,
                0,
                0,
                0,
                0,
                0,
                0,
                0,
                0,
                1,
                0,
                0,
                0,
                1,
                0,
                0,
                0,
                0,
                0,
                0,
                0,
                0,
                0,
                0,
                0,
                0,
                1,
                0,
                1,
                0,
                0,
                0,
                0,
                0,
                0,
                0,
                1,
                0,
                0,
                0,
                0,
                0,
                1
              ],
              "bin_edges": [
                87.07481384277344,
                87.18174743652344,
                87.28868103027344,
                87.39561462402344,
                87.50254821777344,
                87.6094741821289,
                87.7164077758789,
                87.8233413696289,
                87.9302749633789,
                88.0372085571289,
                88.1441421508789,
                88.2510757446289,
                88.3580093383789,
                88.46493530273438,
                88.57186889648438,
                88.67880249023438,
                88.78573608398438,
                88.89266967773438,
                88.99960327148438,
                89.10653686523438,
                89.21347045898438,
                89.32039642333984,
                89.42733001708984,
                89.53426361083984,
                89.64119720458984,
                89.74813079833984,
                89.85506439208984,
                89.96199798583984,
                90.06893157958984,
                90.17586517333984,
                90.28279113769531,
                90.38972473144531,
                90.49665832519531,
                90.60359191894531,
                90.71052551269531,
                90.81745910644531,
                90.92439270019531,
                91.03132629394531,
                91.13825225830078,
                91.24518585205078,
                91.35211944580078,
                91.45905303955078,
                91.56598663330078,
                91.67292022705078,
                91.77985382080078,
                91.88678741455078,
                91.99371337890625,
                92.10064697265625,
                92.20758056640625,
                92.31451416015625,
                92.42144775390625
              ]
            }
          }
        },
        "sparsity": {
          "0": {
            "l1_sparsity": 208.0913848876953,
            "zero_ratio": 0.0
          },
          "1": {
            "l1_sparsity": 90.12135314941406,
            "zero_ratio": 0.0
          }
        },
        "changes_over_epochs": {}
      }
    }
  }
}